x_min,y_min,x_max,y_max,class_id,confidence,tracker_id,class_name
0.0,221.0,488.0,537.0,6,0.7843011617660522,,train
498.0,216.0,959.0,538.0,6,0.694128155708313,,train
565.0,346.0,575.0,376.0,0,0.5397390723228455,,person
0.0,221.0,488.0,537.0,6,0.7800267934799194,,train
498.0,215.0,959.0,538.0,6,0.7089848518371582,,train
566.0,348.0,576.0,377.0,0,0.5442255735397339,,person
0.0,221.0,488.0,537.0,6,0.7713873386383057,,train
498.0,215.0,959.0,538.0,6,0.694959282875061,,train
566.0,349.0,578.0,377.0,0,0.48622849583625793,,person
0.0,221.0,488.0,537.0,6,0.7724435329437256,,train
499.0,214.0,959.0,538.0,6,0.7039872407913208,,train
566.0,349.0,579.0,378.0,0,0.5405757427215576,,person
0.0,221.0,488.0,537.0,6,0.7743461728096008,,train
499.0,214.0,958.0,538.0,6,0.6853364706039429,,train
566.0,350.0,580.0,379.0,0,0.6351180076599121,,person
514.0,299.0,558.0,371.0,5,0.4322267472743988,,bus
587.0,354.0,600.0,382.0,0,0.4095160663127899,,person
0.0,221.0,488.0,537.0,6,0.7798202037811279,,train
499.0,214.0,958.0,538.0,6,0.6842812895774841,,train
567.0,351.0,580.0,380.0,0,0.5874651074409485,,person
514.0,298.0,558.0,371.0,5,0.42620009183883667,,bus
0.0,221.0,489.0,537.0,6,0.7793211936950684,,train
504.0,213.0,958.0,538.0,6,0.6683725118637085,,train
514.0,298.0,559.0,373.0,5,0.4629676342010498,,bus
567.0,352.0,581.0,383.0,0,0.41357243061065674,,person
0.0,221.0,488.0,537.0,6,0.774956464767456,,train
506.0,212.0,958.0,538.0,6,0.6582427024841309,,train
514.0,299.0,560.0,374.0,5,0.4662460386753082,,bus
0.0,221.0,489.0,537.0,6,0.7663860321044922,,train
507.0,212.0,958.0,538.0,6,0.6415471434593201,,train
514.0,298.0,560.0,376.0,5,0.467253178358078,,bus
591.0,359.0,604.0,386.0,0,0.4094376564025879,,person
0.0,221.0,490.0,537.0,6,0.7480988502502441,,train
505.0,213.0,958.0,538.0,6,0.6366918087005615,,train
514.0,298.0,561.0,377.0,5,0.464865505695343,,bus
592.0,359.0,604.0,388.0,0,0.46483954787254333,,person
0.0,222.0,490.0,537.0,6,0.7506341338157654,,train
505.0,211.0,958.0,538.0,6,0.5970587134361267,,train
515.0,302.0,562.0,378.0,5,0.5871145725250244,,bus
0.0,221.0,490.0,537.0,6,0.7585209012031555,,train
504.0,212.0,958.0,538.0,6,0.6736019253730774,,train
516.0,302.0,563.0,379.0,5,0.598457932472229,,bus
0.0,221.0,490.0,537.0,6,0.7606207728385925,,train
502.0,213.0,958.0,538.0,6,0.655475378036499,,train
516.0,302.0,563.0,379.0,5,0.5712331533432007,,bus
0.0,221.0,490.0,537.0,6,0.7598092555999756,,train
502.0,211.0,958.0,538.0,6,0.6257807612419128,,train
516.0,303.0,563.0,380.0,5,0.5643477439880371,,bus
0.0,221.0,490.0,537.0,6,0.7575781345367432,,train
502.0,211.0,958.0,538.0,6,0.6512634754180908,,train
575.0,361.0,588.0,391.0,0,0.4490877687931061,,person
0.0,221.0,490.0,537.0,6,0.7408677935600281,,train
516.0,303.0,564.0,383.0,6,0.6105350852012634,,train
501.0,211.0,958.0,538.0,6,0.6103001832962036,,train
517.0,304.0,564.0,382.0,5,0.5195175409317017,,bus
575.0,362.0,589.0,393.0,0,0.4930212199687958,,person
0.0,222.0,489.0,537.0,6,0.7550960779190063,,train
501.0,212.0,959.0,538.0,6,0.6602335572242737,,train
576.0,363.0,590.0,394.0,0,0.47252601385116577,,person
596.0,366.0,610.0,397.0,0,0.4007185697555542,,person
0.0,221.0,489.0,537.0,6,0.7653204202651978,,train
500.0,211.0,958.0,538.0,6,0.6775410771369934,,train
517.0,305.0,565.0,387.0,5,0.44571778178215027,,bus
0.0,221.0,490.0,537.0,6,0.7620943188667297,,train
499.0,213.0,958.0,538.0,6,0.7041611075401306,,train
517.0,305.0,567.0,388.0,5,0.5034345984458923,,bus
577.0,365.0,591.0,397.0,0,0.45316755771636963,,person
0.0,221.0,491.0,537.0,6,0.7496675252914429,,train
499.0,214.0,959.0,538.0,6,0.7083168029785156,,train
598.0,368.0,613.0,401.0,0,0.5050075650215149,,person
0.0,221.0,491.0,537.0,6,0.7491965293884277,,train
499.0,213.0,958.0,538.0,6,0.6841972470283508,,train
579.0,367.0,592.0,400.0,0,0.5705468058586121,,person
599.0,369.0,614.0,401.0,0,0.5490540266036987,,person
518.0,306.0,568.0,389.0,5,0.43465837836265564,,bus
0.0,221.0,491.0,537.0,6,0.7620365619659424,,train
500.0,212.0,958.0,538.0,6,0.6770867109298706,,train
600.0,370.0,615.0,402.0,0,0.6732791662216187,,person
580.0,366.0,593.0,401.0,0,0.42015427350997925,,person
0.0,221.0,491.0,537.0,6,0.7598111629486084,,train
500.0,212.0,958.0,538.0,6,0.6716628074645996,,train
601.0,371.0,616.0,403.0,0,0.6642367839813232,,person
0.0,222.0,491.0,536.0,6,0.7317785620689392,,train
500.0,211.0,959.0,537.0,6,0.6778596043586731,,train
602.0,373.0,615.0,404.0,0,0.6512081027030945,,person
583.0,373.0,596.0,404.0,0,0.4631378650665283,,person
518.0,307.0,570.0,393.0,5,0.418628454208374,,bus
0.0,222.0,491.0,536.0,6,0.7166359424591064,,train
500.0,211.0,958.0,537.0,6,0.6643487215042114,,train
604.0,374.0,616.0,405.0,0,0.5362211465835571,,person
583.0,374.0,597.0,407.0,0,0.49940943717956543,,person
0.0,222.0,490.0,536.0,6,0.7147670984268188,,train
501.0,211.0,958.0,537.0,6,0.6444045305252075,,train
584.0,375.0,598.0,409.0,0,0.5956907868385315,,person
605.0,376.0,618.0,407.0,0,0.5292468667030334,,person
0.0,221.0,490.0,536.0,6,0.7091379165649414,,train
502.0,211.0,958.0,538.0,6,0.6785792708396912,,train
584.0,376.0,599.0,410.0,0,0.5430785417556763,,person
0.0,221.0,489.0,536.0,6,0.7498914003372192,,train
503.0,212.0,958.0,538.0,6,0.6904178261756897,,train
585.0,377.0,601.0,413.0,0,0.630568265914917,,person
518.0,308.0,574.0,400.0,5,0.407582551240921,,bus
0.0,221.0,490.0,536.0,6,0.7310560941696167,,train
503.0,212.0,959.0,538.0,6,0.7034817934036255,,train
586.0,378.0,602.0,413.0,0,0.5222281217575073,,person
518.0,309.0,575.0,401.0,5,0.47417151927948,,bus
0.0,221.0,489.0,536.0,6,0.7283190488815308,,train
502.0,212.0,958.0,538.0,6,0.7119408249855042,,train
587.0,379.0,603.0,413.0,0,0.4502522051334381,,person
519.0,309.0,575.0,402.0,5,0.4417162835597992,,bus
0.0,222.0,489.0,537.0,6,0.754028856754303,,train
504.0,212.0,958.0,538.0,6,0.699650764465332,,train
0.0,222.0,489.0,537.0,6,0.732102632522583,,train
504.0,213.0,958.0,538.0,6,0.7073426842689514,,train
588.0,382.0,605.0,419.0,0,0.572060763835907,,person
505.0,213.0,958.0,538.0,6,0.7208154797554016,,train
0.0,222.0,489.0,536.0,6,0.7176604270935059,,train
531.0,293.0,551.0,313.0,2,0.4085982143878937,,car
506.0,212.0,958.0,538.0,6,0.724311113357544,,train
0.0,222.0,490.0,537.0,6,0.7230948805809021,,train
590.0,385.0,605.0,421.0,0,0.4872012734413147,,person
521.0,315.0,578.0,410.0,5,0.46832945942878723,,bus
531.0,294.0,551.0,314.0,2,0.4527372419834137,,car
612.0,384.0,627.0,417.0,0,0.44599688053131104,,person
505.0,213.0,959.0,538.0,6,0.7466681003570557,,train
0.0,223.0,490.0,537.0,6,0.7214580774307251,,train
591.0,386.0,607.0,424.0,0,0.49206405878067017,,person
614.0,386.0,627.0,418.0,0,0.47281956672668457,,person
533.0,295.0,551.0,314.0,2,0.4603341519832611,,car
521.0,315.0,579.0,411.0,5,0.4200851321220398,,bus
503.0,213.0,959.0,537.0,6,0.753147304058075,,train
0.0,223.0,489.0,537.0,6,0.7173888683319092,,train
533.0,295.0,552.0,314.0,2,0.5272126197814941,,car
0.0,223.0,489.0,537.0,6,0.730417013168335,,train
504.0,213.0,958.0,538.0,6,0.7233623266220093,,train
533.0,295.0,552.0,315.0,2,0.5701766014099121,,car
0.0,224.0,486.0,538.0,6,0.6790506839752197,,train
504.0,212.0,958.0,538.0,6,0.6349673867225647,,train
533.0,296.0,552.0,315.0,2,0.4700414538383484,,car
0.0,223.0,489.0,538.0,6,0.7099447846412659,,train
503.0,211.0,958.0,538.0,6,0.6556846499443054,,train
533.0,296.0,552.0,316.0,2,0.5213155150413513,,car
0.0,226.0,484.0,536.0,6,0.6516227126121521,,train
502.0,211.0,958.0,538.0,6,0.5778362154960632,,train
533.0,296.0,552.0,316.0,2,0.5369731187820435,,car
597.0,393.0,617.0,433.0,3,0.46008941531181335,,motorcycle
597.0,393.0,616.0,433.0,0,0.4449627995491028,,person
0.0,224.0,489.0,536.0,6,0.6945793032646179,,train
501.0,211.0,958.0,538.0,6,0.6491521596908569,,train
534.0,296.0,552.0,317.0,2,0.5281182527542114,,car
619.0,393.0,638.0,432.0,0,0.48411011695861816,,person
598.0,395.0,617.0,435.0,0,0.4173511266708374,,person
1.0,225.0,487.0,536.0,6,0.6707666516304016,,train
503.0,210.0,958.0,538.0,6,0.5671250820159912,,train
534.0,296.0,552.0,317.0,2,0.5204468369483948,,car
523.0,319.0,586.0,422.0,5,0.4879314601421356,,bus
619.0,394.0,639.0,433.0,0,0.4866275489330292,,person
599.0,397.0,618.0,437.0,0,0.4364946782588959,,person
0.0,224.0,487.0,536.0,6,0.6658148765563965,,train
523.0,320.0,586.0,425.0,5,0.6248507499694824,,bus
503.0,210.0,958.0,538.0,6,0.5508208870887756,,train
534.0,296.0,553.0,317.0,2,0.4257826805114746,,car
1.0,224.0,488.0,535.0,6,0.6844364404678345,,train
503.0,211.0,958.0,538.0,6,0.6370839476585388,,train
524.0,320.0,587.0,427.0,5,0.5214619040489197,,bus
534.0,298.0,553.0,317.0,2,0.4089480936527252,,car
1.0,223.0,490.0,535.0,6,0.7189770340919495,,train
503.0,211.0,958.0,538.0,6,0.674553394317627,,train
534.0,296.0,553.0,317.0,2,0.46312010288238525,,car
2.0,223.0,490.0,535.0,6,0.7038733959197998,,train
502.0,211.0,958.0,538.0,6,0.6757602095603943,,train
534.0,296.0,554.0,317.0,2,0.45806342363357544,,car
524.0,321.0,589.0,430.0,5,0.4126438796520233,,bus
1.0,223.0,489.0,534.0,6,0.7103785872459412,,train
503.0,212.0,958.0,538.0,6,0.6802253127098083,,train
524.0,322.0,589.0,434.0,5,0.48361387848854065,,bus
534.0,298.0,554.0,320.0,2,0.4818050265312195,,car
3.0,224.0,489.0,533.0,6,0.74644935131073,,train
503.0,212.0,958.0,538.0,6,0.6747480630874634,,train
525.0,324.0,589.0,436.0,5,0.5798184275627136,,bus
534.0,299.0,555.0,321.0,2,0.5125150680541992,,car
4.0,225.0,488.0,533.0,6,0.7348017692565918,,train
525.0,327.0,590.0,437.0,5,0.6840271949768066,,bus
503.0,212.0,958.0,538.0,6,0.6461312174797058,,train
534.0,299.0,556.0,322.0,2,0.45922794938087463,,car
4.0,225.0,487.0,533.0,6,0.6910147666931152,,train
503.0,212.0,959.0,538.0,6,0.6315219402313232,,train
525.0,327.0,592.0,440.0,5,0.5685519576072693,,bus
534.0,299.0,557.0,323.0,2,0.4179462194442749,,car
2.0,225.0,487.0,535.0,6,0.7058256268501282,,train
502.0,212.0,959.0,538.0,6,0.6442729234695435,,train
535.0,300.0,557.0,322.0,2,0.4786335527896881,,car
2.0,225.0,487.0,536.0,6,0.7114694714546204,,train
501.0,211.0,959.0,539.0,6,0.5992037057876587,,train
525.0,329.0,595.0,442.0,5,0.43723511695861816,,bus
535.0,301.0,557.0,323.0,2,0.40648528933525085,,car
2.0,225.0,486.0,535.0,6,0.708103597164154,,train
501.0,211.0,959.0,539.0,6,0.5729780793190002,,train
526.0,330.0,597.0,446.0,5,0.5128222107887268,,bus
536.0,301.0,558.0,323.0,2,0.4978601932525635,,car
614.0,424.0,635.0,467.0,3,0.4872414171695709,,motorcycle
1.0,225.0,487.0,536.0,6,0.7153465151786804,,train
502.0,211.0,959.0,539.0,6,0.6562119722366333,,train
536.0,302.0,558.0,323.0,2,0.587531566619873,,car
527.0,331.0,598.0,448.0,5,0.45427805185317993,,bus
507.0,293.0,526.0,310.0,2,0.42989420890808105,,car
615.0,423.0,637.0,469.0,3,0.4207841455936432,,motorcycle
1.0,225.0,487.0,536.0,6,0.7181071639060974,,train
502.0,211.0,959.0,539.0,6,0.6342623829841614,,train
536.0,302.0,558.0,323.0,2,0.5986318588256836,,car
2.0,225.0,485.0,536.0,6,0.7031056880950928,,train
501.0,211.0,959.0,539.0,6,0.6024376153945923,,train
536.0,301.0,559.0,324.0,2,0.5757524967193604,,car
1.0,226.0,484.0,536.0,6,0.6861862540245056,,train
536.0,301.0,560.0,325.0,2,0.6255285739898682,,car
503.0,211.0,959.0,538.0,6,0.6040216684341431,,train
527.0,333.0,601.0,456.0,5,0.51372230052948,,bus
0.0,227.0,481.0,537.0,6,0.6756001114845276,,train
537.0,302.0,559.0,325.0,2,0.6719485521316528,,car
527.0,334.0,602.0,459.0,5,0.6003913283348083,,bus
504.0,211.0,959.0,538.0,6,0.5460919141769409,,train
0.0,227.0,481.0,538.0,6,0.677959144115448,,train
537.0,302.0,560.0,326.0,2,0.6735434532165527,,car
503.0,212.0,959.0,538.0,6,0.5961151719093323,,train
528.0,335.0,604.0,461.0,5,0.5943535566329956,,bus
0.0,229.0,478.0,538.0,6,0.6403411626815796,,train
538.0,302.0,561.0,327.0,2,0.596170961856842,,car
527.0,336.0,605.0,464.0,5,0.5756227374076843,,bus
505.0,211.0,959.0,538.0,6,0.5256144404411316,,train
625.0,443.0,650.0,490.0,3,0.5004353523254395,,motorcycle
0.0,226.0,484.0,538.0,6,0.6674026250839233,,train
503.0,211.0,959.0,538.0,6,0.6442548036575317,,train
538.0,302.0,562.0,327.0,2,0.5977358222007751,,car
528.0,337.0,607.0,466.0,7,0.4034160375595093,,truck
539.0,302.0,562.0,327.0,2,0.6733660101890564,,car
0.0,226.0,484.0,538.0,6,0.6716926693916321,,train
503.0,211.0,959.0,538.0,6,0.6099467277526855,,train
529.0,338.0,609.0,468.0,5,0.4563279151916504,,bus
529.0,339.0,611.0,473.0,7,0.727487325668335,,truck
539.0,303.0,562.0,328.0,2,0.6803902387619019,,car
0.0,227.0,483.0,538.0,6,0.6732587814331055,,train
503.0,211.0,959.0,538.0,6,0.5735839605331421,,train
529.0,340.0,611.0,474.0,7,0.7530242204666138,,truck
0.0,226.0,484.0,538.0,6,0.6628226637840271,,train
539.0,304.0,563.0,329.0,2,0.6365488171577454,,car
502.0,211.0,959.0,538.0,6,0.5931598544120789,,train
0.0,227.0,483.0,538.0,6,0.6868229508399963,,train
540.0,305.0,564.0,330.0,2,0.6560438871383667,,car
502.0,212.0,959.0,538.0,6,0.6517787575721741,,train
530.0,339.0,612.0,480.0,7,0.5912849307060242,,truck
540.0,305.0,564.0,330.0,2,0.716187596321106,,car
530.0,341.0,613.0,484.0,7,0.6559377908706665,,truck
0.0,228.0,480.0,538.0,6,0.6503024697303772,,train
503.0,211.0,959.0,537.0,6,0.5972324013710022,,train
635.0,456.0,664.0,510.0,3,0.568646252155304,,motorcycle
1.0,227.0,481.0,538.0,6,0.6513830423355103,,train
540.0,305.0,563.0,331.0,2,0.6073122620582581,,car
501.0,211.0,959.0,538.0,6,0.5986964702606201,,train
531.0,342.0,615.0,486.0,5,0.5683732032775879,,bus
530.0,342.0,615.0,488.0,7,0.4877977669239044,,truck
637.0,460.0,666.0,512.0,3,0.4733343720436096,,motorcycle
1.0,228.0,479.0,538.0,6,0.6389767527580261,,train
531.0,343.0,616.0,488.0,5,0.596733808517456,,bus
501.0,211.0,959.0,538.0,6,0.5793460011482239,,train
540.0,306.0,564.0,331.0,2,0.5732356309890747,,car
640.0,462.0,668.0,519.0,3,0.4331280291080475,,motorcycle
1.0,228.0,479.0,537.0,6,0.6068113446235657,,train
532.0,343.0,616.0,492.0,5,0.6052035689353943,,bus
541.0,307.0,564.0,331.0,2,0.5821948051452637,,car
641.0,465.0,670.0,526.0,3,0.5385151505470276,,motorcycle
502.0,211.0,959.0,537.0,6,0.5262452960014343,,train
531.0,343.0,616.0,492.0,7,0.4519214630126953,,truck
541.0,308.0,565.0,333.0,2,0.6658465266227722,,car
643.0,467.0,673.0,528.0,3,0.6053445935249329,,motorcycle
1.0,229.0,478.0,538.0,6,0.6026619076728821,,train
504.0,212.0,959.0,538.0,6,0.5767936706542969,,train
532.0,344.0,619.0,495.0,5,0.5423721671104431,,bus
542.0,307.0,565.0,333.0,2,0.6440454125404358,,car
1.0,230.0,477.0,537.0,6,0.6274163126945496,,train
505.0,212.0,959.0,538.0,6,0.5533289909362793,,train
532.0,345.0,622.0,497.0,5,0.491323858499527,,bus
542.0,307.0,565.0,333.0,2,0.6844321489334106,,car
1.0,231.0,476.0,537.0,6,0.6021561622619629,,train
533.0,346.0,624.0,502.0,5,0.5436995625495911,,bus
502.0,211.0,959.0,538.0,6,0.5336471796035767,,train
542.0,308.0,566.0,334.0,2,0.7690920829772949,,car
533.0,347.0,625.0,506.0,5,0.6953036785125732,,bus
1.0,229.0,480.0,537.0,6,0.6433741450309753,,train
502.0,211.0,959.0,537.0,6,0.634698748588562,,train
542.0,308.0,567.0,335.0,2,0.8016318082809448,,car
533.0,348.0,626.0,509.0,5,0.7273918390274048,,bus
1.0,229.0,479.0,537.0,6,0.6518733501434326,,train
502.0,212.0,959.0,537.0,6,0.622420072555542,,train
510.0,301.0,530.0,321.0,2,0.4050768315792084,,car
543.0,309.0,567.0,336.0,2,0.8070104122161865,,car
533.0,348.0,629.0,515.0,5,0.7159725427627563,,bus
502.0,212.0,959.0,537.0,6,0.6400448083877563,,train
1.0,228.0,479.0,537.0,6,0.6359754204750061,,train
510.0,301.0,531.0,321.0,2,0.47405096888542175,,car
543.0,310.0,568.0,336.0,2,0.7761598229408264,,car
534.0,351.0,630.0,516.0,5,0.7752683162689209,,bus
1.0,228.0,480.0,537.0,6,0.6359650492668152,,train
509.0,301.0,531.0,321.0,2,0.5250853300094604,,car
504.0,211.0,959.0,537.0,6,0.4723961055278778,,train
534.0,353.0,633.0,519.0,5,0.8148806095123291,,bus
543.0,310.0,568.0,336.0,2,0.7571464776992798,,car
1.0,229.0,478.0,538.0,6,0.573066234588623,,train
510.0,302.0,531.0,322.0,2,0.4932095408439636,,car
504.0,211.0,959.0,537.0,6,0.47585126757621765,,train
534.0,354.0,635.0,523.0,5,0.8491072654724121,,bus
543.0,310.0,569.0,337.0,2,0.7333185076713562,,car
1.0,228.0,480.0,538.0,6,0.5914096236228943,,train
504.0,212.0,959.0,536.0,6,0.4679357409477234,,train
510.0,303.0,532.0,322.0,2,0.4397828280925751,,car
535.0,355.0,636.0,528.0,5,0.8652063012123108,,bus
544.0,311.0,569.0,337.0,2,0.7969997525215149,,car
1.0,229.0,478.0,538.0,6,0.5477775931358337,,train
504.0,213.0,959.0,537.0,6,0.5076166391372681,,train
535.0,356.0,640.0,532.0,5,0.8333582282066345,,bus
502.0,213.0,959.0,537.0,6,0.6650091409683228,,train
544.0,311.0,570.0,338.0,2,0.6595379114151001,,car
1.0,229.0,478.0,538.0,6,0.5430989861488342,,train
535.0,357.0,640.0,537.0,5,0.7647451162338257,,bus
544.0,312.0,570.0,338.0,2,0.7144688963890076,,car
502.0,213.0,959.0,537.0,6,0.6644879579544067,,train
1.0,229.0,477.0,538.0,6,0.49735477566719055,,train
536.0,360.0,644.0,538.0,5,0.8399616479873657,,bus
544.0,313.0,571.0,340.0,2,0.665838897228241,,car
504.0,212.0,959.0,537.0,6,0.662392258644104,,train
1.0,229.0,478.0,538.0,6,0.46859210729599,,train
510.0,304.0,533.0,324.0,2,0.4549301862716675,,car
536.0,361.0,646.0,540.0,5,0.7752482295036316,,bus
544.0,313.0,571.0,340.0,2,0.7474570274353027,,car
504.0,213.0,959.0,537.0,6,0.6806247234344482,,train
0.0,230.0,479.0,538.0,6,0.5164477825164795,,train
511.0,304.0,533.0,325.0,2,0.4531961679458618,,car
538.0,362.0,647.0,539.0,5,0.8209037780761719,,bus
545.0,314.0,571.0,341.0,2,0.7298893928527832,,car
504.0,212.0,959.0,537.0,6,0.7010521292686462,,train
1.0,228.0,482.0,538.0,6,0.6047137975692749,,train
538.0,365.0,648.0,539.0,5,0.7912455797195435,,bus
505.0,212.0,959.0,537.0,6,0.7174184322357178,,train
545.0,315.0,574.0,342.0,2,0.6966986060142517,,car
0.0,227.0,484.0,538.0,6,0.646224319934845,,train
538.0,366.0,650.0,539.0,5,0.8973854780197144,,bus
545.0,316.0,574.0,342.0,2,0.672320544719696,,car
506.0,212.0,959.0,537.0,6,0.6370210647583008,,train
0.0,227.0,482.0,538.0,6,0.6295510530471802,,train
511.0,306.0,534.0,326.0,2,0.4606262743473053,,car
539.0,367.0,655.0,539.0,5,0.8611716032028198,,bus
546.0,316.0,574.0,342.0,2,0.6782345175743103,,car
506.0,212.0,959.0,537.0,6,0.6768245697021484,,train
0.0,226.0,483.0,538.0,6,0.6285485625267029,,train
511.0,307.0,534.0,327.0,2,0.4018315374851227,,car
540.0,368.0,657.0,539.0,5,0.8079522848129272,,bus
506.0,212.0,959.0,538.0,6,0.7357467412948608,,train
0.0,225.0,486.0,538.0,6,0.6698945760726929,,train
547.0,317.0,574.0,343.0,2,0.6605483889579773,,car
540.0,370.0,659.0,539.0,5,0.8309335708618164,,bus
548.0,318.0,576.0,344.0,2,0.7513883113861084,,car
508.0,212.0,959.0,538.0,6,0.728729248046875,,train
0.0,225.0,485.0,538.0,6,0.639570951461792,,train
539.0,373.0,659.0,539.0,5,0.8744580149650574,,bus
549.0,319.0,576.0,346.0,2,0.7493507862091064,,car
507.0,212.0,959.0,537.0,6,0.7007988691329956,,train
1.0,225.0,484.0,539.0,6,0.6247633695602417,,train
541.0,371.0,663.0,538.0,5,0.7736355066299438,,bus
549.0,318.0,576.0,346.0,2,0.7314845323562622,,car
507.0,212.0,959.0,538.0,6,0.7043561935424805,,train
1.0,226.0,484.0,539.0,6,0.551672101020813,,train
511.0,309.0,535.0,330.0,2,0.4159097671508789,,car
507.0,213.0,959.0,539.0,6,0.7143996357917786,,train
542.0,372.0,667.0,539.0,5,0.7075836658477783,,bus
550.0,319.0,576.0,347.0,2,0.6832365989685059,,car
1.0,225.0,486.0,539.0,6,0.5588313937187195,,train
550.0,319.0,576.0,348.0,2,0.7146414518356323,,car
508.0,213.0,959.0,539.0,6,0.6976795196533203,,train
543.0,376.0,669.0,538.0,5,0.6901693344116211,,bus
1.0,225.0,486.0,539.0,6,0.5148600935935974,,train
511.0,311.0,536.0,332.0,2,0.41732341051101685,,car
507.0,213.0,959.0,539.0,6,0.7081954479217529,,train
551.0,320.0,577.0,349.0,2,0.7055376172065735,,car
544.0,377.0,676.0,539.0,5,0.5937321186065674,,bus
512.0,311.0,537.0,332.0,2,0.47873160243034363,,car
1.0,225.0,485.0,539.0,6,0.4765799045562744,,train
551.0,320.0,577.0,349.0,2,0.7393803596496582,,car
507.0,213.0,959.0,539.0,6,0.7210767865180969,,train
544.0,378.0,678.0,540.0,5,0.637142539024353,,bus
512.0,311.0,537.0,333.0,2,0.5821189880371094,,car
1.0,226.0,485.0,539.0,6,0.4355078339576721,,train
544.0,381.0,681.0,540.0,5,0.7386434674263,,bus
551.0,320.0,578.0,349.0,2,0.7338817119598389,,car
512.0,311.0,537.0,334.0,2,0.6877762079238892,,car
508.0,213.0,959.0,538.0,6,0.6836480498313904,,train
1.0,226.0,484.0,538.0,6,0.44749072194099426,,train
552.0,321.0,579.0,351.0,2,0.8056474924087524,,car
512.0,312.0,537.0,334.0,2,0.713301956653595,,car
545.0,385.0,686.0,538.0,5,0.6987841129302979,,bus
506.0,214.0,959.0,538.0,6,0.6906366944313049,,train
1.0,225.0,486.0,539.0,6,0.4899443984031677,,train
552.0,322.0,580.0,352.0,2,0.8391566276550293,,car
512.0,312.0,537.0,335.0,2,0.7409393191337585,,car
507.0,213.0,959.0,538.0,6,0.6450462937355042,,train
546.0,385.0,689.0,539.0,5,0.6172898411750793,,bus
1.0,226.0,485.0,539.0,6,0.4517464339733124,,train
552.0,322.0,580.0,353.0,2,0.8209955096244812,,car
513.0,313.0,538.0,335.0,2,0.7533092498779297,,car
506.0,213.0,959.0,538.0,6,0.6453506350517273,,train
545.0,387.0,691.0,539.0,5,0.5835473537445068,,bus
1.0,226.0,484.0,539.0,6,0.5137676000595093,,train
552.0,323.0,581.0,353.0,2,0.8419560194015503,,car
514.0,313.0,538.0,335.0,2,0.7460262775421143,,car
546.0,388.0,693.0,538.0,5,0.6140245199203491,,bus
507.0,214.0,959.0,538.0,6,0.6112380623817444,,train
1.0,227.0,482.0,539.0,6,0.4268679618835449,,train
552.0,324.0,581.0,354.0,2,0.7950112223625183,,car
513.0,313.0,538.0,336.0,2,0.6987817287445068,,car
507.0,214.0,959.0,538.0,6,0.5826969742774963,,train
1.0,226.0,483.0,539.0,6,0.4312021732330322,,train
553.0,324.0,582.0,354.0,2,0.7839490175247192,,car
513.0,314.0,539.0,337.0,2,0.6754010915756226,,car
509.0,214.0,959.0,538.0,6,0.591228723526001,,train
548.0,393.0,695.0,538.0,5,0.5519636273384094,,bus
1.0,226.0,484.0,539.0,6,0.4516368508338928,,train
513.0,314.0,540.0,337.0,2,0.741666316986084,,car
553.0,325.0,583.0,355.0,2,0.7171217203140259,,car
551.0,396.0,696.0,540.0,5,0.6306911110877991,,bus
508.0,213.0,959.0,538.0,6,0.5747225284576416,,train
1.0,225.0,484.0,539.0,6,0.46407631039619446,,train
514.0,315.0,540.0,338.0,2,0.6717038154602051,,car
553.0,325.0,584.0,357.0,2,0.6469752788543701,,car
551.0,397.0,699.0,539.0,5,0.6105373501777649,,bus
505.0,213.0,959.0,539.0,6,0.5973407030105591,,train
1.0,225.0,482.0,539.0,6,0.4837074875831604,,train
552.0,399.0,700.0,539.0,5,0.7428995966911316,,bus
553.0,325.0,585.0,357.0,2,0.6947904825210571,,car
514.0,316.0,540.0,339.0,2,0.6658480167388916,,car
507.0,213.0,959.0,539.0,6,0.5612363815307617,,train
1.0,225.0,483.0,539.0,6,0.5164065957069397,,train
553.0,401.0,702.0,538.0,5,0.7543635368347168,,bus
553.0,328.0,586.0,359.0,2,0.7312257885932922,,car
514.0,316.0,540.0,340.0,2,0.6930620670318604,,car
508.0,213.0,959.0,539.0,6,0.5931909680366516,,train
1.0,224.0,484.0,539.0,6,0.539667010307312,,train
554.0,328.0,587.0,360.0,2,0.7314376831054688,,car
554.0,405.0,702.0,539.0,5,0.6256974339485168,,bus
515.0,316.0,540.0,340.0,2,0.5984524488449097,,car
508.0,213.0,959.0,539.0,6,0.5677622556686401,,train
1.0,224.0,484.0,539.0,6,0.5529282689094543,,train
555.0,407.0,702.0,538.0,5,0.7033437490463257,,bus
555.0,330.0,586.0,361.0,2,0.5962088108062744,,car
1.0,224.0,484.0,539.0,6,0.5549243688583374,,train
509.0,213.0,959.0,539.0,6,0.528326153755188,,train
515.0,316.0,540.0,341.0,2,0.5163410902023315,,car
557.0,408.0,703.0,539.0,5,0.6047887802124023,,bus
555.0,330.0,587.0,361.0,2,0.5564859509468079,,car
509.0,213.0,959.0,539.0,6,0.5448215007781982,,train
1.0,224.0,484.0,539.0,6,0.5437778234481812,,train
516.0,318.0,540.0,341.0,2,0.42323359847068787,,car
557.0,412.0,703.0,538.0,5,0.7011878490447998,,bus
555.0,330.0,587.0,361.0,2,0.6730227470397949,,car
510.0,213.0,959.0,539.0,6,0.5509332418441772,,train
1.0,225.0,484.0,539.0,6,0.510691225528717,,train
515.0,320.0,540.0,342.0,2,0.4811083674430847,,car
557.0,414.0,703.0,540.0,5,0.7057588696479797,,bus
556.0,331.0,588.0,363.0,2,0.6484924554824829,,car
507.0,213.0,959.0,539.0,6,0.5712238550186157,,train
1.0,225.0,483.0,539.0,6,0.5456602573394775,,train
559.0,418.0,703.0,540.0,5,0.7722365856170654,,bus
506.0,213.0,959.0,539.0,6,0.600048303604126,,train
1.0,226.0,483.0,539.0,6,0.5785449147224426,,train
557.0,331.0,589.0,364.0,2,0.5669583678245544,,car
560.0,419.0,703.0,540.0,5,0.7483687996864319,,bus
560.0,332.0,589.0,365.0,2,0.6163656711578369,,car
507.0,213.0,959.0,539.0,6,0.6025563478469849,,train
1.0,226.0,482.0,539.0,6,0.5908833742141724,,train
561.0,423.0,706.0,539.0,5,0.7609682679176331,,bus
507.0,213.0,959.0,540.0,6,0.6440489292144775,,train
1.0,227.0,481.0,539.0,6,0.5823732018470764,,train
560.0,333.0,591.0,366.0,2,0.5821776390075684,,car
516.0,321.0,541.0,346.0,2,0.5159736275672913,,car
562.0,427.0,705.0,539.0,5,0.6928189992904663,,bus
507.0,214.0,959.0,540.0,6,0.6385705471038818,,train
1.0,227.0,480.0,539.0,6,0.5775725841522217,,train
517.0,322.0,542.0,347.0,2,0.5753300786018372,,car
561.0,333.0,592.0,367.0,2,0.45122283697128296,,car
508.0,214.0,959.0,540.0,6,0.6542784571647644,,train
563.0,431.0,703.0,540.0,5,0.6392906308174133,,bus
1.0,227.0,479.0,539.0,6,0.5909045934677124,,train
517.0,323.0,542.0,348.0,2,0.5412871241569519,,car
565.0,434.0,704.0,539.0,5,0.762511134147644,,bus
510.0,214.0,959.0,540.0,6,0.5967772006988525,,train
1.0,227.0,480.0,539.0,6,0.5873327851295471,,train
518.0,323.0,543.0,348.0,2,0.5172241926193237,,car
560.0,333.0,594.0,370.0,2,0.5128327012062073,,car
565.0,437.0,704.0,540.0,5,0.8086526989936829,,bus
510.0,214.0,959.0,539.0,6,0.6345714330673218,,train
1.0,227.0,480.0,539.0,6,0.6136056184768677,,train
518.0,324.0,543.0,349.0,2,0.5380781292915344,,car
562.0,334.0,594.0,371.0,2,0.41677603125572205,,car
566.0,440.0,704.0,539.0,5,0.7513540983200073,,bus
1.0,226.0,481.0,539.0,6,0.6410353183746338,,train
509.0,213.0,959.0,539.0,6,0.6231771111488342,,train
519.0,324.0,544.0,349.0,2,0.5599175691604614,,car
569.0,445.0,703.0,539.0,5,0.7375987768173218,,bus
1.0,226.0,481.0,539.0,6,0.6386792659759521,,train
510.0,213.0,959.0,539.0,6,0.5973546504974365,,train
519.0,325.0,545.0,350.0,2,0.5828388929367065,,car
563.0,336.0,597.0,374.0,2,0.45661845803260803,,car
1.0,226.0,481.0,539.0,6,0.6331819295883179,,train
570.0,449.0,703.0,540.0,5,0.5851432681083679,,bus
519.0,326.0,545.0,351.0,2,0.5830000042915344,,car
509.0,213.0,959.0,539.0,6,0.5758563876152039,,train
564.0,337.0,597.0,375.0,2,0.4856187403202057,,car
1.0,225.0,482.0,539.0,6,0.6222497224807739,,train
520.0,327.0,545.0,352.0,2,0.5879218578338623,,car
509.0,213.0,959.0,539.0,6,0.5666363835334778,,train
564.0,337.0,598.0,378.0,2,0.514479398727417,,car
572.0,452.0,700.0,539.0,5,0.5119336843490601,,bus
1.0,225.0,483.0,539.0,6,0.6424366235733032,,train
510.0,212.0,959.0,539.0,6,0.592540442943573,,train
564.0,338.0,599.0,378.0,2,0.5850321650505066,,car
521.0,328.0,546.0,353.0,2,0.5735116004943848,,car
573.0,456.0,702.0,540.0,5,0.46137771010398865,,bus
508.0,289.0,526.0,308.0,2,0.4494587182998657,,car
1.0,226.0,482.0,539.0,6,0.6497483253479004,,train
521.0,329.0,546.0,354.0,2,0.6374763250350952,,car
510.0,212.0,959.0,539.0,6,0.636262834072113,,train
575.0,458.0,706.0,540.0,5,0.5588203072547913,,bus
565.0,340.0,600.0,380.0,2,0.5007791519165039,,car
508.0,289.0,527.0,309.0,2,0.47932279109954834,,car
536.0,292.0,553.0,307.0,2,0.44065260887145996,,car
510.0,212.0,959.0,539.0,6,0.6688274145126343,,train
1.0,227.0,481.0,539.0,6,0.643537163734436,,train
521.0,330.0,548.0,356.0,2,0.6280841827392578,,car
564.0,340.0,600.0,381.0,2,0.5097658038139343,,car
507.0,289.0,527.0,310.0,2,0.476787805557251,,car
536.0,293.0,553.0,307.0,2,0.46856242418289185,,car
510.0,212.0,959.0,539.0,6,0.6511135101318359,,train
1.0,226.0,482.0,539.0,6,0.6369857788085938,,train
522.0,330.0,549.0,356.0,2,0.5765417218208313,,car
565.0,342.0,601.0,382.0,2,0.4960552155971527,,car
508.0,289.0,527.0,310.0,2,0.4421892762184143,,car
578.0,468.0,705.0,540.0,5,0.40553218126296997,,bus
565.0,343.0,602.0,382.0,2,0.6556168794631958,,car
511.0,211.0,959.0,539.0,6,0.6407526135444641,,train
522.0,331.0,550.0,358.0,2,0.6097022891044617,,car
1.0,226.0,482.0,539.0,6,0.6066661477088928,,train
508.0,289.0,527.0,310.0,2,0.5168378949165344,,car
566.0,343.0,602.0,383.0,2,0.7956424355506897,,car
522.0,332.0,550.0,358.0,2,0.6839045286178589,,car
511.0,211.0,959.0,539.0,6,0.6084607243537903,,train
1.0,226.0,482.0,539.0,6,0.5818684101104736,,train
508.0,289.0,527.0,310.0,2,0.5321570634841919,,car
522.0,332.0,551.0,359.0,2,0.6828732490539551,,car
566.0,343.0,604.0,385.0,2,0.647398829460144,,car
1.0,225.0,483.0,539.0,6,0.6265484690666199,,train
512.0,211.0,959.0,539.0,6,0.6117761135101318,,train
509.0,291.0,527.0,311.0,2,0.5212476849555969,,car
512.0,211.0,959.0,539.0,6,0.6604247689247131,,train
1.0,225.0,484.0,539.0,6,0.6436066627502441,,train
566.0,344.0,606.0,387.0,2,0.6303165555000305,,car
522.0,333.0,552.0,360.0,2,0.6148064732551575,,car
586.0,487.0,708.0,540.0,2,0.4201643764972687,,car
509.0,292.0,527.0,311.0,2,0.41315409541130066,,car
1.0,225.0,484.0,539.0,6,0.6526304483413696,,train
512.0,211.0,959.0,538.0,6,0.6117931604385376,,train
522.0,334.0,552.0,361.0,2,0.5841053128242493,,car
589.0,490.0,707.0,540.0,2,0.5109943151473999,,car
510.0,293.0,528.0,310.0,2,0.47292855381965637,,car
568.0,344.0,606.0,388.0,2,0.43975159525871277,,car
591.0,497.0,708.0,540.0,2,0.6735230684280396,,car
523.0,336.0,552.0,362.0,2,0.6702268719673157,,car
1.0,226.0,483.0,539.0,6,0.6533044576644897,,train
569.0,345.0,607.0,390.0,2,0.5943254828453064,,car
509.0,293.0,528.0,311.0,2,0.5942951440811157,,car
512.0,210.0,959.0,538.0,6,0.5499998927116394,,train
539.0,296.0,556.0,310.0,2,0.5137697458267212,,car
594.0,503.0,709.0,540.0,2,0.7197290658950806,,car
523.0,337.0,552.0,363.0,2,0.7138177156448364,,car
569.0,347.0,609.0,391.0,2,0.6679713726043701,,car
1.0,226.0,483.0,539.0,6,0.6619523167610168,,train
511.0,210.0,959.0,538.0,6,0.6136356592178345,,train
509.0,293.0,528.0,311.0,2,0.4996044635772705,,car
540.0,296.0,557.0,310.0,2,0.48673394322395325,,car
524.0,338.0,552.0,364.0,2,0.7308993339538574,,car
511.0,210.0,959.0,538.0,6,0.6766860485076904,,train
596.0,508.0,709.0,540.0,2,0.6742942929267883,,car
1.0,226.0,483.0,539.0,6,0.6514005661010742,,train
570.0,349.0,610.0,393.0,2,0.6343371868133545,,car
569.0,348.0,609.0,392.0,7,0.5813487768173218,,truck
509.0,292.0,527.0,311.0,2,0.4165456295013428,,car
523.0,337.0,552.0,365.0,2,0.7677806615829468,,car
510.0,210.0,959.0,538.0,6,0.7093474268913269,,train
571.0,351.0,611.0,394.0,2,0.6728403568267822,,car
1.0,226.0,483.0,539.0,6,0.641166090965271,,train
598.0,513.0,708.0,540.0,2,0.5455361008644104,,car
569.0,349.0,611.0,394.0,7,0.48829078674316406,,truck
509.0,210.0,959.0,538.0,6,0.7176482677459717,,train
573.0,351.0,612.0,396.0,2,0.6769957542419434,,car
523.0,338.0,553.0,367.0,2,0.6441894769668579,,car
1.0,226.0,482.0,539.0,6,0.6162673234939575,,train
572.0,350.0,611.0,396.0,7,0.5357116460800171,,truck
572.0,353.0,613.0,397.0,2,0.8085600137710571,,car
509.0,210.0,959.0,538.0,6,0.6412417888641357,,train
1.0,227.0,481.0,539.0,6,0.6019587516784668,,train
524.0,339.0,553.0,368.0,2,0.5925116539001465,,car
575.0,354.0,614.0,398.0,2,0.6753134727478027,,car
1.0,227.0,482.0,539.0,6,0.5875999331474304,,train
525.0,340.0,553.0,368.0,2,0.5801339149475098,,car
510.0,209.0,959.0,538.0,6,0.5722863078117371,,train
525.0,343.0,554.0,370.0,2,0.6269232630729675,,car
510.0,209.0,959.0,538.0,6,0.5761866569519043,,train
1.0,227.0,482.0,539.0,6,0.5716124773025513,,train
576.0,355.0,614.0,400.0,2,0.5560085773468018,,car
525.0,343.0,554.0,371.0,2,0.6164973378181458,,car
1.0,227.0,482.0,539.0,6,0.5666448473930359,,train
511.0,209.0,959.0,538.0,6,0.5231691002845764,,train
576.0,356.0,616.0,401.0,2,0.46852725744247437,,car
525.0,343.0,555.0,372.0,2,0.6487815380096436,,car
576.0,357.0,618.0,404.0,2,0.5939227938652039,,car
1.0,227.0,482.0,539.0,6,0.5666998624801636,,train
511.0,209.0,959.0,538.0,6,0.5502333045005798,,train
510.0,209.0,959.0,538.0,6,0.5965346097946167,,train
1.0,227.0,482.0,539.0,6,0.5746199488639832,,train
577.0,358.0,619.0,405.0,2,0.5723355412483215,,car
525.0,345.0,555.0,373.0,2,0.5009024143218994,,car
509.0,209.0,959.0,538.0,6,0.6184996366500854,,train
1.0,226.0,483.0,538.0,6,0.5883224010467529,,train
578.0,356.0,620.0,406.0,7,0.5423115491867065,,truck
526.0,345.0,556.0,374.0,2,0.4145127534866333,,car
509.0,209.0,959.0,538.0,6,0.6417669057846069,,train
1.0,227.0,482.0,539.0,6,0.5900100469589233,,train
526.0,345.0,556.0,375.0,2,0.5515006184577942,,car
579.0,359.0,622.0,408.0,2,0.46689116954803467,,car
579.0,358.0,621.0,409.0,7,0.44193336367607117,,truck
526.0,347.0,556.0,377.0,2,0.6527104377746582,,car
508.0,209.0,959.0,538.0,6,0.6321686506271362,,train
1.0,227.0,482.0,539.0,6,0.5887429714202881,,train
581.0,360.0,623.0,411.0,2,0.5380643606185913,,car
508.0,209.0,959.0,538.0,6,0.6437230706214905,,train
1.0,226.0,483.0,539.0,6,0.6123574376106262,,train
545.0,301.0,562.0,315.0,2,0.40824705362319946,,car
509.0,209.0,959.0,538.0,6,0.5991363525390625,,train
1.0,226.0,483.0,539.0,6,0.5708706378936768,,train
545.0,301.0,563.0,316.0,2,0.5435755848884583,,car
583.0,362.0,625.0,416.0,2,0.4394229054450989,,car
583.0,363.0,628.0,418.0,2,0.6654228568077087,,car
545.0,302.0,563.0,316.0,2,0.6005032062530518,,car
509.0,209.0,959.0,539.0,6,0.5626919269561768,,train
1.0,226.0,483.0,538.0,6,0.5498325228691101,,train
583.0,366.0,629.0,419.0,2,0.7960759401321411,,car
545.0,302.0,564.0,316.0,2,0.6564688086509705,,car
1.0,226.0,482.0,538.0,6,0.5560705065727234,,train
509.0,209.0,959.0,539.0,6,0.5437702536582947,,train
510.0,298.0,532.0,320.0,2,0.44767534732818604,,car
583.0,367.0,632.0,421.0,2,0.7694060802459717,,car
546.0,302.0,564.0,317.0,2,0.6396571397781372,,car
509.0,209.0,959.0,538.0,6,0.5724027752876282,,train
1.0,225.0,485.0,539.0,6,0.5554347634315491,,train
510.0,299.0,532.0,321.0,2,0.4739798903465271,,car
529.0,351.0,560.0,383.0,2,0.41180622577667236,,car
584.0,367.0,634.0,423.0,2,0.844179630279541,,car
546.0,302.0,564.0,318.0,2,0.6614025831222534,,car
511.0,299.0,532.0,321.0,2,0.551784098148346,,car
1.0,225.0,484.0,539.0,6,0.5510431528091431,,train
509.0,210.0,959.0,539.0,6,0.5135328769683838,,train
529.0,352.0,562.0,385.0,2,0.512691855430603,,car
585.0,368.0,635.0,425.0,2,0.8401384353637695,,car
546.0,303.0,564.0,318.0,2,0.6779295802116394,,car
0.0,225.0,484.0,539.0,6,0.5750425457954407,,train
509.0,209.0,959.0,539.0,6,0.5737136006355286,,train
511.0,299.0,532.0,322.0,2,0.5335073471069336,,car
529.0,354.0,563.0,387.0,2,0.4505794048309326,,car
546.0,304.0,564.0,319.0,2,0.7228020429611206,,car
529.0,354.0,564.0,388.0,2,0.7137220501899719,,car
0.0,226.0,483.0,539.0,6,0.6185531616210938,,train
587.0,371.0,634.0,427.0,2,0.5978372097015381,,car
511.0,300.0,533.0,322.0,2,0.5221909880638123,,car
508.0,210.0,953.0,540.0,6,0.4435848891735077,,train
530.0,356.0,563.0,389.0,2,0.7273637056350708,,car
546.0,304.0,565.0,320.0,2,0.7039614319801331,,car
0.0,225.0,484.0,539.0,6,0.6552711725234985,,train
508.0,209.0,959.0,539.0,6,0.4269605875015259,,train
587.0,372.0,636.0,429.0,2,0.4192262291908264,,car
511.0,300.0,532.0,322.0,2,0.41016507148742676,,car
546.0,304.0,565.0,320.0,2,0.743327260017395,,car
530.0,357.0,564.0,390.0,2,0.7126520872116089,,car
588.0,373.0,637.0,431.0,2,0.6720786690711975,,car
1.0,225.0,484.0,539.0,6,0.645099401473999,,train
508.0,209.0,959.0,539.0,6,0.5080554485321045,,train
511.0,300.0,533.0,322.0,2,0.43347272276878357,,car
547.0,304.0,565.0,321.0,2,0.7088717222213745,,car
0.0,224.0,485.0,539.0,6,0.6939414739608765,,train
530.0,357.0,565.0,392.0,2,0.6609075665473938,,car
589.0,374.0,640.0,434.0,2,0.5864930152893066,,car
509.0,209.0,959.0,539.0,6,0.5056297779083252,,train
512.0,300.0,533.0,323.0,2,0.4562039375305176,,car
591.0,374.0,641.0,435.0,7,0.43584150075912476,,truck
530.0,360.0,565.0,393.0,2,0.7182888388633728,,car
1.0,224.0,485.0,539.0,6,0.6876429319381714,,train
590.0,376.0,642.0,436.0,2,0.6771184206008911,,car
547.0,304.0,566.0,321.0,2,0.6744562387466431,,car
512.0,299.0,533.0,324.0,2,0.4870951175689697,,car
510.0,208.0,959.0,539.0,6,0.4543035924434662,,train
530.0,361.0,566.0,396.0,2,0.7357228398323059,,car
0.0,225.0,484.0,539.0,6,0.6974038481712341,,train
547.0,305.0,565.0,321.0,2,0.6844465732574463,,car
593.0,379.0,644.0,439.0,2,0.6283107399940491,,car
512.0,300.0,534.0,325.0,2,0.5975695848464966,,car
510.0,209.0,959.0,539.0,6,0.4470587968826294,,train
531.0,362.0,567.0,398.0,2,0.7477370500564575,,car
1.0,225.0,484.0,539.0,6,0.6892304420471191,,train
547.0,306.0,566.0,322.0,2,0.683718204498291,,car
593.0,380.0,647.0,441.0,2,0.6532943248748779,,car
512.0,302.0,534.0,326.0,2,0.606861412525177,,car
592.0,378.0,646.0,440.0,7,0.5074428915977478,,truck
1.0,225.0,483.0,539.0,6,0.6831651926040649,,train
547.0,306.0,566.0,322.0,2,0.6652540564537048,,car
532.0,363.0,568.0,398.0,2,0.6012357473373413,,car
512.0,303.0,534.0,326.0,2,0.6010805368423462,,car
594.0,380.0,648.0,443.0,7,0.5578935146331787,,truck
594.0,381.0,647.0,443.0,2,0.4625987112522125,,car
1.0,226.0,482.0,539.0,6,0.6995315551757812,,train
532.0,364.0,568.0,400.0,2,0.6341750025749207,,car
512.0,303.0,534.0,327.0,2,0.621183454990387,,car
594.0,382.0,649.0,446.0,7,0.5251643061637878,,truck
547.0,306.0,568.0,322.0,2,0.5048878788948059,,car
594.0,383.0,648.0,446.0,2,0.4204181134700775,,car
513.0,305.0,535.0,327.0,2,0.7466990947723389,,car
533.0,366.0,568.0,401.0,2,0.7067838907241821,,car
1.0,225.0,484.0,539.0,6,0.6907520294189453,,train
596.0,385.0,651.0,448.0,2,0.5039686560630798,,car
547.0,306.0,569.0,323.0,2,0.4506738483905792,,car
596.0,383.0,650.0,449.0,7,0.4154411554336548,,truck
513.0,305.0,535.0,328.0,2,0.759812593460083,,car
1.0,225.0,484.0,539.0,6,0.685836672782898,,train
534.0,367.0,568.0,402.0,2,0.6556138396263123,,car
548.0,307.0,569.0,323.0,2,0.5014917850494385,,car
598.0,387.0,654.0,452.0,2,0.47277000546455383,,car
513.0,305.0,535.0,329.0,2,0.7072131633758545,,car
1.0,225.0,485.0,539.0,6,0.6663718819618225,,train
599.0,387.0,656.0,453.0,2,0.6412608623504639,,car
534.0,367.0,570.0,404.0,2,0.5097357630729675,,car
549.0,307.0,569.0,324.0,2,0.48135262727737427,,car
535.0,368.0,570.0,407.0,2,0.7424280643463135,,car
512.0,305.0,535.0,329.0,2,0.701016902923584,,car
1.0,225.0,484.0,539.0,6,0.6647711396217346,,train
601.0,390.0,659.0,457.0,2,0.5658555030822754,,car
550.0,306.0,570.0,325.0,2,0.5262269973754883,,car
535.0,370.0,571.0,409.0,2,0.6842256784439087,,car
1.0,226.0,483.0,539.0,6,0.6605101227760315,,train
512.0,307.0,535.0,330.0,2,0.6556814312934875,,car
602.0,391.0,658.0,461.0,2,0.6492707133293152,,car
550.0,306.0,571.0,325.0,2,0.5572966933250427,,car
512.0,308.0,536.0,330.0,2,0.7536267638206482,,car
1.0,226.0,483.0,539.0,6,0.6365821361541748,,train
603.0,392.0,661.0,462.0,2,0.6253876090049744,,car
535.0,371.0,572.0,411.0,2,0.5920098423957825,,car
550.0,307.0,572.0,326.0,2,0.5065282583236694,,car
513.0,306.0,536.0,332.0,2,0.7043277621269226,,car
535.0,372.0,573.0,413.0,2,0.6840196251869202,,car
1.0,225.0,483.0,539.0,6,0.6629083156585693,,train
550.0,307.0,572.0,326.0,2,0.5053618550300598,,car
605.0,394.0,663.0,466.0,2,0.4450734853744507,,car
536.0,374.0,573.0,415.0,2,0.7883135080337524,,car
513.0,308.0,537.0,333.0,2,0.6853408217430115,,car
1.0,225.0,483.0,539.0,6,0.6389653086662292,,train
550.0,307.0,573.0,326.0,2,0.601538896560669,,car
606.0,396.0,666.0,469.0,2,0.565251886844635,,car
536.0,376.0,574.0,418.0,2,0.8018641471862793,,car
513.0,309.0,538.0,334.0,2,0.6956222057342529,,car
1.0,226.0,481.0,539.0,6,0.5885510444641113,,train
551.0,307.0,573.0,327.0,2,0.5559216737747192,,car
608.0,398.0,668.0,472.0,2,0.5422490835189819,,car
608.0,398.0,668.0,472.0,7,0.4078710973262787,,truck
537.0,378.0,575.0,420.0,2,0.7837651968002319,,car
513.0,309.0,537.0,334.0,2,0.6700164675712585,,car
552.0,309.0,575.0,329.0,2,0.6033599972724915,,car
1.0,227.0,479.0,539.0,6,0.572189211845398,,train
609.0,401.0,671.0,475.0,7,0.5224593877792358,,truck
608.0,402.0,670.0,474.0,2,0.48704150319099426,,car
537.0,379.0,576.0,421.0,2,0.8774763941764832,,car
513.0,309.0,538.0,335.0,2,0.7056471705436707,,car
610.0,403.0,673.0,478.0,2,0.6327503323554993,,car
553.0,310.0,575.0,329.0,2,0.6093209981918335,,car
1.0,228.0,478.0,539.0,6,0.561989426612854,,train
610.0,402.0,673.0,480.0,7,0.4958978593349457,,truck
538.0,380.0,577.0,424.0,2,0.7957488298416138,,car
514.0,309.0,538.0,335.0,2,0.7250258326530457,,car
553.0,311.0,576.0,330.0,2,0.6010368466377258,,car
1.0,227.0,481.0,539.0,6,0.581188440322876,,train
612.0,404.0,675.0,486.0,2,0.5759986639022827,,car
538.0,381.0,577.0,426.0,2,0.8595598936080933,,car
554.0,312.0,576.0,330.0,2,0.7269118428230286,,car
514.0,309.0,538.0,335.0,2,0.7019615173339844,,car
1.0,228.0,479.0,538.0,6,0.5751793384552002,,train
614.0,408.0,679.0,487.0,2,0.5372412800788879,,car
539.0,384.0,579.0,429.0,2,0.8229622840881348,,car
555.0,313.0,576.0,330.0,2,0.8088658452033997,,car
614.0,409.0,682.0,490.0,2,0.7497077584266663,,car
514.0,310.0,538.0,336.0,2,0.6880686283111572,,car
1.0,228.0,479.0,538.0,6,0.5829991102218628,,train
555.0,314.0,576.0,332.0,2,0.844504177570343,,car
540.0,385.0,581.0,432.0,2,0.7618359327316284,,car
514.0,310.0,539.0,337.0,2,0.6437331438064575,,car
1.0,228.0,479.0,538.0,6,0.515007734298706,,train
616.0,410.0,684.0,494.0,2,0.5007274150848389,,car
615.0,409.0,683.0,494.0,7,0.4061623215675354,,truck
555.0,315.0,576.0,333.0,2,0.8465075492858887,,car
541.0,387.0,581.0,436.0,2,0.7506235837936401,,car
514.0,311.0,539.0,338.0,2,0.7081875801086426,,car
1.0,228.0,478.0,538.0,6,0.5179904699325562,,train
616.0,413.0,686.0,497.0,2,0.4910306930541992,,car
616.0,412.0,686.0,497.0,7,0.41979894042015076,,truck
540.0,390.0,583.0,436.0,2,0.8668400645256042,,car
555.0,314.0,576.0,333.0,2,0.8538048267364502,,car
515.0,312.0,540.0,338.0,2,0.7830366492271423,,car
0.0,230.0,475.0,538.0,6,0.5410280823707581,,train
616.0,415.0,689.0,503.0,2,0.46162086725234985,,car
556.0,315.0,576.0,334.0,2,0.8588634133338928,,car
541.0,392.0,584.0,437.0,2,0.7606837749481201,,car
515.0,312.0,540.0,339.0,2,0.6972532868385315,,car
1.0,229.0,477.0,538.0,6,0.5742770433425903,,train
617.0,417.0,693.0,506.0,7,0.40664705634117126,,truck
556.0,317.0,576.0,334.0,2,0.8330369591712952,,car
515.0,313.0,540.0,340.0,2,0.660524845123291,,car
541.0,393.0,585.0,441.0,2,0.5808571577072144,,car
1.0,231.0,475.0,538.0,6,0.5802739858627319,,train
617.0,420.0,696.0,510.0,2,0.42064306139945984,,car
556.0,316.0,577.0,335.0,2,0.8164277076721191,,car
541.0,394.0,586.0,442.0,2,0.7214276790618896,,car
516.0,313.0,540.0,341.0,2,0.582062840461731,,car
1.0,231.0,473.0,538.0,6,0.5204675197601318,,train
620.0,423.0,698.0,515.0,7,0.4166424870491028,,truck
557.0,317.0,578.0,335.0,2,0.7735132575035095,,car
542.0,396.0,588.0,445.0,2,0.7422372698783875,,car
516.0,312.0,540.0,341.0,2,0.6383642554283142,,car
1.0,231.0,473.0,538.0,6,0.499955415725708,,train
259.0,484.0,342.0,540.0,2,0.4968128502368927,,car
621.0,427.0,701.0,520.0,2,0.4595457911491394,,car
621.0,426.0,702.0,521.0,7,0.4066479802131653,,truck
557.0,317.0,579.0,336.0,2,0.750410258769989,,car
543.0,398.0,588.0,448.0,2,0.6025002002716064,,car
517.0,314.0,540.0,342.0,2,0.591202437877655,,car
628.0,428.0,704.0,524.0,2,0.511160671710968,,car
1.0,231.0,475.0,539.0,6,0.4892008304595947,,train
261.0,481.0,344.0,539.0,2,0.4588713049888611,,car
557.0,317.0,579.0,336.0,2,0.7933570146560669,,car
517.0,313.0,541.0,343.0,2,0.5927706360816956,,car
631.0,431.0,707.0,529.0,2,0.5846262574195862,,car
544.0,399.0,588.0,451.0,2,0.537563681602478,,car
263.0,477.0,347.0,540.0,2,0.5009212493896484,,car
1.0,232.0,474.0,539.0,6,0.46657952666282654,,train
557.0,318.0,580.0,337.0,2,0.7685147523880005,,car
545.0,402.0,589.0,454.0,2,0.6790251135826111,,car
517.0,314.0,542.0,344.0,2,0.6187529563903809,,car
633.0,433.0,711.0,533.0,2,0.6170601844787598,,car
262.0,472.0,350.0,538.0,2,0.5658367276191711,,car
1.0,231.0,476.0,539.0,6,0.557010293006897,,train
558.0,318.0,581.0,338.0,2,0.7029235363006592,,car
517.0,316.0,543.0,345.0,2,0.6656763553619385,,car
634.0,437.0,715.0,536.0,2,0.5697705745697021,,car
1.0,230.0,476.0,539.0,6,0.5624316334724426,,train
545.0,404.0,591.0,457.0,2,0.5601574778556824,,car
272.0,468.0,352.0,535.0,2,0.5066150426864624,,car
545.0,405.0,593.0,460.0,2,0.737556517124176,,car
558.0,319.0,581.0,339.0,2,0.7339264154434204,,car
518.0,316.0,543.0,346.0,2,0.7048077583312988,,car
279.0,465.0,355.0,532.0,2,0.6840715408325195,,car
636.0,440.0,717.0,539.0,2,0.6261219382286072,,car
1.0,231.0,474.0,539.0,6,0.4891107678413391,,train
546.0,407.0,594.0,462.0,2,0.7594683170318604,,car
559.0,319.0,582.0,339.0,2,0.7104647159576416,,car
517.0,317.0,543.0,346.0,2,0.7035138607025146,,car
637.0,442.0,721.0,540.0,2,0.6237882971763611,,car
282.0,461.0,356.0,526.0,2,0.5360069274902344,,car
286.0,457.0,359.0,521.0,2,0.7512974739074707,,car
558.0,318.0,583.0,340.0,2,0.7342959642410278,,car
518.0,317.0,544.0,348.0,2,0.6799478530883789,,car
547.0,410.0,595.0,465.0,2,0.6772624850273132,,car
640.0,445.0,725.0,540.0,2,0.46706968545913696,,car
289.0,454.0,360.0,517.0,2,0.8593399524688721,,car
548.0,411.0,596.0,468.0,2,0.7942523956298828,,car
559.0,318.0,583.0,340.0,2,0.6902225017547607,,car
518.0,319.0,544.0,349.0,2,0.5967434644699097,,car
642.0,450.0,729.0,539.0,2,0.512626588344574,,car
1.0,229.0,478.0,539.0,6,0.47325947880744934,,train
506.0,214.0,959.0,538.0,6,0.4570188522338867,,train
292.0,451.0,362.0,512.0,2,0.7865982055664062,,car
548.0,414.0,598.0,473.0,2,0.684425950050354,,car
518.0,319.0,545.0,349.0,2,0.6325482130050659,,car
643.0,453.0,731.0,540.0,2,0.6034252643585205,,car
559.0,319.0,585.0,341.0,2,0.5671126842498779,,car
1.0,228.0,479.0,540.0,6,0.5548035502433777,,train
507.0,214.0,959.0,538.0,6,0.505516767501831,,train
294.0,447.0,364.0,509.0,2,0.7789421081542969,,car
517.0,320.0,544.0,350.0,2,0.7297908067703247,,car
548.0,416.0,598.0,476.0,2,0.6719887256622314,,car
646.0,455.0,733.0,539.0,2,0.5441670417785645,,car
559.0,319.0,585.0,342.0,2,0.5155484676361084,,car
1.0,229.0,477.0,540.0,6,0.5038754343986511,,train
518.0,321.0,544.0,351.0,2,0.7993857264518738,,car
547.0,418.0,600.0,479.0,2,0.7018370032310486,,car
648.0,460.0,737.0,539.0,2,0.6961683034896851,,car
298.0,444.0,366.0,503.0,2,0.6490718126296997,,car
559.0,319.0,585.0,343.0,2,0.5975062847137451,,car
1.0,229.0,477.0,540.0,6,0.5715120434761047,,train
518.0,322.0,545.0,352.0,2,0.8301855325698853,,car
550.0,423.0,601.0,484.0,2,0.7360119819641113,,car
1.0,228.0,478.0,539.0,6,0.6798646450042725,,train
560.0,320.0,586.0,344.0,2,0.6585502624511719,,car
301.0,442.0,367.0,498.0,2,0.6436618566513062,,car
652.0,464.0,739.0,539.0,2,0.5339687466621399,,car
551.0,424.0,603.0,486.0,2,0.7914121747016907,,car
519.0,320.0,545.0,353.0,2,0.7648614645004272,,car
560.0,322.0,587.0,345.0,2,0.7046669125556946,,car
1.0,228.0,480.0,539.0,6,0.6908555030822754,,train
655.0,467.0,743.0,540.0,2,0.5800275206565857,,car
551.0,427.0,606.0,490.0,2,0.8055509328842163,,car
561.0,322.0,588.0,346.0,2,0.769885778427124,,car
306.0,433.0,370.0,492.0,2,0.7448498010635376,,car
519.0,322.0,546.0,354.0,2,0.7434483766555786,,car
1.0,229.0,477.0,539.0,6,0.7084137201309204,,train
656.0,471.0,748.0,540.0,2,0.6478086709976196,,car
552.0,430.0,607.0,495.0,2,0.8469921350479126,,car
562.0,326.0,588.0,347.0,2,0.8024222254753113,,car
1.0,228.0,479.0,539.0,6,0.6715275645256042,,train
659.0,475.0,747.0,540.0,2,0.603592574596405,,car
519.0,323.0,547.0,355.0,2,0.5875153541564941,,car
308.0,430.0,371.0,487.0,2,0.565662145614624,,car
308.0,429.0,371.0,486.0,7,0.43959370255470276,,truck
562.0,326.0,588.0,348.0,2,0.817520260810852,,car
554.0,433.0,609.0,498.0,2,0.7503302097320557,,car
1.0,228.0,478.0,539.0,6,0.6746171712875366,,train
662.0,479.0,750.0,540.0,2,0.5645278096199036,,car
520.0,324.0,546.0,356.0,2,0.5019898414611816,,car
313.0,427.0,372.0,484.0,2,0.47100821137428284,,car
564.0,326.0,588.0,348.0,2,0.7742995023727417,,car
554.0,436.0,610.0,502.0,2,0.7713274955749512,,car
1.0,227.0,479.0,539.0,6,0.665735125541687,,train
314.0,426.0,374.0,481.0,2,0.6368779540061951,,car
667.0,484.0,753.0,540.0,2,0.5567973256111145,,car
520.0,325.0,548.0,358.0,2,0.44441643357276917,,car
554.0,439.0,612.0,506.0,2,0.7681042551994324,,car
565.0,326.0,589.0,349.0,2,0.7549730539321899,,car
1.0,227.0,478.0,539.0,6,0.6538123488426208,,train
317.0,423.0,376.0,475.0,2,0.6421868801116943,,car
520.0,325.0,548.0,358.0,2,0.4732949137687683,,car
565.0,327.0,589.0,349.0,2,0.7994360327720642,,car
555.0,441.0,613.0,509.0,2,0.7984329462051392,,car
1.0,228.0,477.0,539.0,6,0.6653026938438416,,train
319.0,421.0,379.0,473.0,2,0.6532020568847656,,car
520.0,326.0,549.0,359.0,2,0.5118419528007507,,car
673.0,493.0,757.0,540.0,2,0.42579734325408936,,car
565.0,327.0,589.0,350.0,2,0.8197604417800903,,car
556.0,444.0,615.0,516.0,2,0.7966375350952148,,car
1.0,229.0,475.0,539.0,6,0.6806043982505798,,train
321.0,418.0,380.0,470.0,2,0.6107854247093201,,car
521.0,327.0,549.0,360.0,2,0.5644715428352356,,car
678.0,497.0,757.0,540.0,2,0.4926965534687042,,car
565.0,328.0,590.0,351.0,2,0.8175095319747925,,car
557.0,446.0,617.0,520.0,2,0.767162561416626,,car
324.0,416.0,381.0,468.0,2,0.7323972582817078,,car
1.0,227.0,477.0,539.0,6,0.6893004775047302,,train
521.0,329.0,549.0,361.0,2,0.543190598487854,,car
566.0,328.0,591.0,352.0,2,0.7948402166366577,,car
558.0,449.0,621.0,525.0,2,0.7677750587463379,,car
326.0,414.0,382.0,465.0,2,0.7439832091331482,,car
1.0,228.0,478.0,539.0,6,0.6952050924301147,,train
522.0,330.0,551.0,362.0,2,0.5105891823768616,,car
567.0,329.0,592.0,353.0,2,0.8368972539901733,,car
559.0,453.0,623.0,529.0,2,0.768241822719574,,car
1.0,227.0,479.0,539.0,6,0.6970505714416504,,train
523.0,331.0,550.0,364.0,2,0.5964049100875854,,car
326.0,411.0,383.0,461.0,8,0.5653020143508911,,boat
567.0,329.0,593.0,354.0,2,0.7989277839660645,,car
559.0,456.0,625.0,534.0,2,0.731464684009552,,car
1.0,228.0,477.0,539.0,6,0.7062960863113403,,train
522.0,333.0,550.0,365.0,2,0.6043847799301147,,car
327.0,410.0,383.0,459.0,2,0.5362557172775269,,car
567.0,330.0,594.0,354.0,2,0.7687057256698608,,car
1.0,227.0,478.0,539.0,6,0.6998733282089233,,train
561.0,460.0,626.0,536.0,2,0.6568694114685059,,car
523.0,335.0,551.0,366.0,2,0.6047689318656921,,car
327.0,408.0,386.0,455.0,2,0.432065486907959,,car
562.0,463.0,628.0,540.0,2,0.7933690547943115,,car
567.0,330.0,595.0,355.0,2,0.75323486328125,,car
1.0,227.0,479.0,539.0,6,0.7047978639602661,,train
523.0,333.0,551.0,367.0,2,0.6176027059555054,,car
329.0,406.0,387.0,451.0,2,0.5086694359779358,,car
564.0,467.0,630.0,540.0,2,0.7730305194854736,,car
1.0,226.0,480.0,539.0,6,0.7270274758338928,,train
524.0,335.0,551.0,368.0,2,0.6866503953933716,,car
567.0,331.0,597.0,356.0,2,0.6765885949134827,,car
331.0,404.0,388.0,448.0,2,0.45525112748146057,,car
1.0,226.0,481.0,539.0,6,0.748652458190918,,train
524.0,336.0,551.0,369.0,2,0.7032064199447632,,car
565.0,470.0,632.0,540.0,2,0.7031978368759155,,car
568.0,331.0,598.0,357.0,2,0.6929734349250793,,car
339.0,403.0,389.0,446.0,8,0.527308464050293,,boat
569.0,332.0,599.0,359.0,2,0.7679926156997681,,car
1.0,226.0,481.0,539.0,6,0.7619727253913879,,train
525.0,336.0,551.0,371.0,2,0.7561779022216797,,car
564.0,471.0,633.0,540.0,2,0.7400419116020203,,car
341.0,401.0,391.0,444.0,2,0.56813645362854,,car
569.0,333.0,600.0,360.0,2,0.792876124382019,,car
1.0,225.0,482.0,539.0,6,0.726364016532898,,train
525.0,338.0,553.0,372.0,2,0.7160883545875549,,car
566.0,478.0,634.0,540.0,2,0.5591252446174622,,car
342.0,397.0,393.0,441.0,8,0.45866715908050537,,boat
570.0,333.0,600.0,360.0,2,0.7574031352996826,,car
525.0,338.0,554.0,373.0,2,0.6718289256095886,,car
1.0,226.0,480.0,539.0,6,0.6650477647781372,,train
344.0,395.0,393.0,439.0,8,0.6059877872467041,,boat
567.0,481.0,636.0,538.0,2,0.4464796483516693,,car
571.0,334.0,600.0,361.0,2,0.7677347660064697,,car
525.0,338.0,554.0,374.0,2,0.7072720527648926,,car
1.0,226.0,479.0,539.0,6,0.6788437962532043,,train
346.0,392.0,394.0,435.0,8,0.6211948990821838,,boat
569.0,485.0,638.0,539.0,2,0.53671795129776,,car
572.0,335.0,601.0,362.0,2,0.8179638385772705,,car
1.0,226.0,478.0,539.0,6,0.6770675182342529,,train
525.0,339.0,554.0,375.0,2,0.674452006816864,,car
347.0,390.0,394.0,432.0,8,0.54061359167099,,boat
502.0,214.0,956.0,540.0,6,0.4025171101093292,,train
572.0,335.0,601.0,363.0,2,0.8332855105400085,,car
1.0,226.0,479.0,539.0,6,0.6861035227775574,,train
525.0,340.0,554.0,376.0,2,0.6823027729988098,,car
348.0,389.0,395.0,431.0,2,0.4420498013496399,,car
504.0,214.0,956.0,540.0,6,0.4293373227119446,,train
573.0,335.0,601.0,364.0,2,0.8609619140625,,car
0.0,225.0,482.0,539.0,6,0.6867977380752563,,train
526.0,341.0,555.0,378.0,2,0.6227582693099976,,car
349.0,386.0,396.0,427.0,2,0.4751439094543457,,car
504.0,213.0,956.0,540.0,6,0.46414342522621155,,train
349.0,386.0,397.0,427.0,8,0.415942907333374,,boat
573.0,338.0,602.0,365.0,2,0.8941391706466675,,car
1.0,225.0,481.0,539.0,6,0.6548029184341431,,train
526.0,342.0,555.0,380.0,2,0.6488301753997803,,car
352.0,385.0,398.0,426.0,2,0.4426546096801758,,car
503.0,213.0,956.0,540.0,6,0.44000816345214844,,train
352.0,384.0,398.0,425.0,8,0.43012911081314087,,boat
573.0,339.0,604.0,366.0,2,0.8619858026504517,,car
526.0,343.0,556.0,382.0,2,0.7649255990982056,,car
353.0,384.0,399.0,424.0,2,0.6780222058296204,,car
1.0,225.0,481.0,539.0,6,0.6517242193222046,,train
503.0,213.0,956.0,540.0,6,0.4385102093219757,,train
526.0,345.0,557.0,382.0,2,0.8519890308380127,,car
574.0,340.0,605.0,367.0,2,0.8112889528274536,,car
1.0,225.0,481.0,539.0,6,0.6532934904098511,,train
355.0,383.0,400.0,421.0,2,0.5845882296562195,,car
502.0,214.0,955.0,540.0,6,0.4047854542732239,,train
527.0,345.0,558.0,383.0,2,0.834071159362793,,car
575.0,340.0,606.0,368.0,2,0.8076687455177307,,car
356.0,381.0,401.0,420.0,2,0.6642140746116638,,car
1.0,225.0,481.0,539.0,6,0.6423754692077637,,train
527.0,346.0,560.0,385.0,2,0.7607765197753906,,car
576.0,341.0,607.0,369.0,2,0.7553154826164246,,car
1.0,226.0,480.0,539.0,6,0.650714635848999,,train
358.0,380.0,402.0,418.0,2,0.5927222967147827,,car
577.0,342.0,608.0,370.0,2,0.6825714111328125,,car
528.0,346.0,561.0,387.0,2,0.6500438451766968,,car
1.0,225.0,480.0,539.0,6,0.6306850910186768,,train
359.0,378.0,403.0,416.0,2,0.604762077331543,,car
577.0,342.0,610.0,371.0,2,0.718457043170929,,car
1.0,226.0,479.0,539.0,6,0.6266288161277771,,train
529.0,346.0,561.0,388.0,2,0.5979688167572021,,car
361.0,377.0,404.0,412.0,2,0.46177777647972107,,car
578.0,344.0,610.0,373.0,2,0.7086411714553833,,car
1.0,226.0,479.0,539.0,6,0.5738892555236816,,train
361.0,376.0,404.0,411.0,2,0.46728238463401794,,car
529.0,348.0,563.0,390.0,2,0.42768895626068115,,car
578.0,344.0,611.0,374.0,2,0.7553849220275879,,car
1.0,227.0,477.0,539.0,6,0.546829342842102,,train
362.0,374.0,405.0,409.0,2,0.4736957550048828,,car
579.0,345.0,612.0,375.0,2,0.7717123031616211,,car
1.0,227.0,476.0,539.0,6,0.6025769114494324,,train
529.0,357.0,563.0,394.0,2,0.4999661445617676,,car
579.0,345.0,612.0,376.0,2,0.782259464263916,,car
530.0,355.0,564.0,395.0,2,0.7261545062065125,,car
1.0,227.0,476.0,539.0,6,0.6128641963005066,,train
364.0,371.0,407.0,404.0,2,0.42972898483276367,,car
580.0,347.0,612.0,377.0,2,0.785868763923645,,car
529.0,359.0,565.0,397.0,2,0.6191474795341492,,car
1.0,227.0,476.0,539.0,6,0.5492836236953735,,train
365.0,371.0,407.0,401.0,2,0.5204858183860779,,car
581.0,348.0,614.0,378.0,2,0.7946102619171143,,car
529.0,358.0,566.0,398.0,2,0.6918115615844727,,car
1.0,227.0,477.0,539.0,6,0.5561820864677429,,train
582.0,348.0,615.0,380.0,2,0.83690345287323,,car
530.0,361.0,567.0,400.0,2,0.6024513244628906,,car
1.0,227.0,476.0,539.0,6,0.5781348943710327,,train
368.0,366.0,409.0,399.0,8,0.4187925457954407,,boat
369.0,366.0,409.0,397.0,2,0.4155175983905792,,car
583.0,350.0,617.0,381.0,2,0.8025754690170288,,car
530.0,359.0,568.0,401.0,2,0.6312733888626099,,car
0.0,227.0,475.0,539.0,6,0.5258370637893677,,train
370.0,364.0,410.0,397.0,8,0.4668581783771515,,boat
371.0,364.0,409.0,396.0,2,0.4396578371524811,,car
583.0,352.0,618.0,382.0,2,0.7263306379318237,,car
532.0,365.0,568.0,404.0,2,0.5464344620704651,,car
0.0,226.0,475.0,539.0,6,0.51459801197052,,train
371.0,363.0,410.0,396.0,8,0.41628536581993103,,boat
371.0,362.0,410.0,396.0,2,0.40177032351493835,,car
584.0,353.0,619.0,384.0,2,0.769340455532074,,car
373.0,361.0,411.0,395.0,2,0.6941623687744141,,car
532.0,366.0,568.0,406.0,2,0.6140762567520142,,car
0.0,225.0,475.0,539.0,6,0.5738171935081482,,train
584.0,354.0,619.0,384.0,2,0.7077649831771851,,car
0.0,226.0,475.0,539.0,6,0.6802852153778076,,train
375.0,359.0,411.0,394.0,2,0.5637030601501465,,car
533.0,365.0,569.0,407.0,2,0.5311872959136963,,car
585.0,355.0,622.0,386.0,2,0.7438761591911316,,car
0.0,226.0,474.0,539.0,6,0.677230954170227,,train
534.0,365.0,570.0,409.0,2,0.519670844078064,,car
376.0,358.0,413.0,392.0,2,0.5045541524887085,,car
585.0,355.0,622.0,388.0,2,0.7696213722229004,,car
0.0,226.0,475.0,539.0,6,0.6994242668151855,,train
534.0,365.0,572.0,411.0,2,0.5175287127494812,,car
378.0,357.0,413.0,390.0,2,0.42859840393066406,,car
587.0,357.0,624.0,389.0,2,0.8689721822738647,,car
0.0,226.0,474.0,539.0,6,0.7047184705734253,,train
535.0,366.0,573.0,413.0,2,0.5921963453292847,,car
378.0,356.0,414.0,388.0,2,0.5179454684257507,,car
588.0,357.0,625.0,391.0,2,0.8875587582588196,,car
535.0,365.0,574.0,416.0,2,0.6816065311431885,,car
0.0,226.0,475.0,539.0,6,0.6813123226165771,,train
378.0,355.0,416.0,387.0,8,0.4263589382171631,,boat
379.0,356.0,415.0,388.0,2,0.414226233959198,,car
589.0,358.0,626.0,393.0,2,0.8578671216964722,,car
535.0,367.0,574.0,418.0,2,0.7720937728881836,,car
0.0,226.0,477.0,539.0,6,0.6851762533187866,,train
380.0,355.0,416.0,386.0,2,0.5797236561775208,,car
379.0,355.0,416.0,386.0,8,0.4411832094192505,,boat
589.0,359.0,627.0,394.0,2,0.8745177388191223,,car
535.0,368.0,575.0,419.0,2,0.7564573287963867,,car
0.0,225.0,478.0,539.0,6,0.6900265216827393,,train
381.0,354.0,417.0,385.0,2,0.5524284243583679,,car
381.0,354.0,416.0,384.0,8,0.51777184009552,,boat
589.0,360.0,629.0,395.0,2,0.824120044708252,,car
536.0,367.0,576.0,422.0,2,0.7358663082122803,,car
0.0,224.0,480.0,538.0,6,0.722773551940918,,train
383.0,353.0,417.0,382.0,8,0.5191106796264648,,boat
383.0,353.0,417.0,383.0,2,0.5142421126365662,,car
537.0,369.0,576.0,424.0,2,0.7336132526397705,,car
590.0,360.0,630.0,396.0,2,0.733248770236969,,car
0.0,225.0,480.0,538.0,6,0.7202105522155762,,train
383.0,352.0,417.0,381.0,2,0.5162820219993591,,car
384.0,352.0,417.0,380.0,8,0.45859163999557495,,boat
0.0,226.0,480.0,538.0,6,0.6948988437652588,,train
537.0,375.0,577.0,427.0,2,0.677473783493042,,car
590.0,362.0,631.0,399.0,2,0.64893639087677,,car
384.0,351.0,417.0,379.0,2,0.5177201628684998,,car
0.0,226.0,479.0,538.0,6,0.7061545848846436,,train
384.0,350.0,417.0,377.0,2,0.6284786462783813,,car
591.0,363.0,631.0,400.0,2,0.6096696257591248,,car
538.0,379.0,579.0,429.0,2,0.5668776035308838,,car
0.0,225.0,479.0,538.0,6,0.7058656215667725,,train
538.0,374.0,580.0,433.0,2,0.691483736038208,,car
593.0,364.0,633.0,401.0,2,0.6913778781890869,,car
384.0,349.0,418.0,376.0,2,0.48719853162765503,,car
538.0,375.0,581.0,434.0,2,0.6951484680175781,,car
594.0,366.0,634.0,403.0,2,0.687696099281311,,car
0.0,225.0,480.0,539.0,6,0.6829273700714111,,train
385.0,348.0,418.0,375.0,2,0.6377890110015869,,car
595.0,367.0,636.0,405.0,2,0.7288154363632202,,car
540.0,391.0,582.0,438.0,2,0.7178335189819336,,car
0.0,226.0,478.0,539.0,6,0.6326359510421753,,train
386.0,348.0,420.0,374.0,2,0.6323699355125427,,car
595.0,368.0,637.0,407.0,2,0.7999298572540283,,car
540.0,380.0,585.0,439.0,2,0.6663368940353394,,car
0.0,226.0,476.0,539.0,6,0.6303932070732117,,train
387.0,346.0,421.0,373.0,2,0.6127938032150269,,car
595.0,368.0,640.0,409.0,2,0.8185283541679382,,car
0.0,227.0,475.0,539.0,6,0.6780927777290344,,train
387.0,346.0,421.0,372.0,2,0.6281980276107788,,car
541.0,383.0,587.0,442.0,2,0.594761848449707,,car
596.0,371.0,641.0,410.0,2,0.8454298973083496,,car
0.0,225.0,481.0,539.0,6,0.7420051097869873,,train
389.0,344.0,421.0,372.0,2,0.5680978298187256,,car
543.0,400.0,588.0,446.0,2,0.5134792923927307,,car
598.0,372.0,642.0,411.0,2,0.8199620842933655,,car
0.0,224.0,484.0,539.0,6,0.7554936408996582,,train
543.0,395.0,589.0,449.0,2,0.6100941896438599,,car
389.0,343.0,422.0,371.0,2,0.607274055480957,,car
0.0,224.0,483.0,539.0,6,0.7639635801315308,,train
600.0,374.0,643.0,413.0,2,0.7522177696228027,,car
390.0,342.0,422.0,370.0,2,0.6810951232910156,,car
545.0,398.0,590.0,452.0,2,0.5506318807601929,,car
0.0,224.0,482.0,539.0,6,0.7555069923400879,,train
390.0,341.0,423.0,368.0,2,0.750086784362793,,car
544.0,393.0,590.0,455.0,2,0.645728349685669,,car
601.0,375.0,644.0,415.0,2,0.6065120697021484,,car
0.0,224.0,483.0,539.0,6,0.7489581108093262,,train
601.0,377.0,647.0,419.0,2,0.73572838306427,,car
392.0,340.0,423.0,366.0,2,0.7300204038619995,,car
602.0,379.0,649.0,420.0,2,0.7468994855880737,,car
0.0,225.0,482.0,539.0,6,0.7410881519317627,,train
394.0,339.0,424.0,365.0,2,0.6014968752861023,,car
0.0,225.0,482.0,539.0,6,0.7301797866821289,,train
603.0,380.0,651.0,422.0,2,0.6648944020271301,,car
395.0,338.0,425.0,364.0,2,0.48532620072364807,,car
606.0,381.0,653.0,423.0,2,0.7422850728034973,,car
0.0,225.0,482.0,539.0,6,0.7083948254585266,,train
395.0,338.0,425.0,363.0,2,0.5164349675178528,,car
546.0,396.0,596.0,469.0,7,0.42550474405288696,,truck
607.0,383.0,654.0,425.0,2,0.7702490091323853,,car
0.0,225.0,482.0,538.0,6,0.6866576075553894,,train
395.0,337.0,426.0,362.0,2,0.6075978875160217,,car
547.0,399.0,598.0,471.0,2,0.431209921836853,,car
547.0,400.0,598.0,472.0,7,0.40479210019111633,,truck
608.0,385.0,655.0,428.0,2,0.8041947484016418,,car
0.0,225.0,483.0,538.0,6,0.7204416394233704,,train
396.0,337.0,427.0,361.0,2,0.6183290481567383,,car
549.0,402.0,599.0,475.0,7,0.4287780225276947,,truck
609.0,386.0,657.0,431.0,2,0.8005071878433228,,car
0.0,225.0,484.0,538.0,6,0.732418954372406,,train
397.0,337.0,427.0,360.0,2,0.6362663507461548,,car
0.0,225.0,484.0,538.0,6,0.7603365778923035,,train
398.0,336.0,427.0,360.0,2,0.6107656955718994,,car
610.0,387.0,658.0,435.0,2,0.6088811755180359,,car
551.0,406.0,603.0,484.0,7,0.4089190363883972,,truck
0.0,225.0,485.0,538.0,6,0.7917758226394653,,train
612.0,391.0,660.0,435.0,2,0.6449201107025146,,car
399.0,335.0,428.0,359.0,2,0.5810328722000122,,car
550.0,408.0,604.0,487.0,7,0.46590882539749146,,truck
0.0,226.0,483.0,539.0,6,0.7738856077194214,,train
611.0,391.0,663.0,437.0,2,0.6470323801040649,,car
555.0,435.0,606.0,492.0,2,0.5855978727340698,,car
400.0,333.0,428.0,359.0,2,0.5504851341247559,,car
552.0,410.0,605.0,491.0,7,0.43131422996520996,,truck
0.0,225.0,483.0,539.0,6,0.7383348345756531,,train
613.0,393.0,665.0,441.0,2,0.7159019708633423,,car
401.0,332.0,428.0,357.0,2,0.6151203513145447,,car
555.0,437.0,609.0,497.0,2,0.5036467909812927,,car
615.0,395.0,667.0,444.0,2,0.8156167268753052,,car
402.0,331.0,429.0,355.0,2,0.7322374582290649,,car
0.0,225.0,481.0,538.0,6,0.7085364460945129,,train
553.0,413.0,609.0,501.0,7,0.46613284945487976,,truck
557.0,440.0,610.0,501.0,2,0.4229007363319397,,car
616.0,397.0,668.0,447.0,2,0.8539491891860962,,car
402.0,330.0,429.0,353.0,2,0.7880637645721436,,car
0.0,226.0,483.0,538.0,6,0.710247278213501,,train
552.0,416.0,611.0,506.0,7,0.529453694820404,,truck
618.0,399.0,672.0,448.0,2,0.7635924220085144,,car
402.0,330.0,429.0,353.0,2,0.7589390277862549,,car
0.0,227.0,481.0,538.0,6,0.6911629438400269,,train
553.0,422.0,613.0,510.0,7,0.5256403684616089,,truck
402.0,329.0,430.0,353.0,2,0.764428973197937,,car
619.0,401.0,674.0,451.0,2,0.7094116806983948,,car
0.0,227.0,482.0,538.0,6,0.6554895639419556,,train
554.0,426.0,616.0,516.0,7,0.5254302024841309,,truck
402.0,329.0,431.0,352.0,2,0.7707406282424927,,car
620.0,403.0,676.0,454.0,2,0.6836344003677368,,car
0.0,227.0,481.0,538.0,6,0.6480700969696045,,train
563.0,455.0,619.0,522.0,2,0.41920673847198486,,car
403.0,328.0,431.0,351.0,2,0.762785792350769,,car
622.0,405.0,678.0,457.0,2,0.7245419025421143,,car
0.0,227.0,479.0,538.0,6,0.6344112753868103,,train
557.0,432.0,619.0,526.0,7,0.5585167407989502,,truck
624.0,407.0,682.0,460.0,2,0.8100301027297974,,car
403.0,327.0,432.0,350.0,2,0.7653576135635376,,car
0.0,227.0,479.0,537.0,6,0.6905546188354492,,train
558.0,433.0,624.0,531.0,7,0.5628964900970459,,truck
404.0,326.0,432.0,349.0,2,0.7595577239990234,,car
0.0,227.0,479.0,538.0,6,0.6910693049430847,,train
625.0,409.0,683.0,463.0,2,0.5885838270187378,,car
0.0,227.0,479.0,537.0,6,0.7046217918395996,,train
